From_POS,To_POS,Count
Other,Noun,41991
Noun,Noun,9729
Noun,Other,42101
Noun,Verb,17984
Verb,Other,41410
Other,Adjective,16575
Adjective,Noun,16516
Other,Other,57413
Verb,Adjective,5808
Adjective,Other,7283
Verb,Verb,11035
Other,Verb,33975
Noun,Adjective,1299
Adjective,Verb,2884
Other,Adverb,6225
Adverb,Verb,6788
Adjective,Adjective,1858
Noun,Adverb,3850
Verb,Adverb,8338
Adverb,Adverb,2663
Adverb,Other,7971
Adverb,Adjective,3852
Adjective,Adverb,850
Verb,Noun,6075
Adverb,Noun,652
